{"cameraMode":{"drawMode":0,"name":"Shaded","section":"Shading Mode"},"sceneLighting":true,"audioPlay":false,"sceneViewState":{"m_AlwaysRefresh":false,"showFog":true,"showSkybox":true,"showFlares":true,"showImageEffects":true,"showParticleSystems":true,"showVisualEffectGraphs":true,"m_FxEnabled":true},"in2DMode":false,"pivot":{"x":-7.505489349365234,"y":1.1699843406677247,"z":-10.184192657470704},"rotation":{"x":-0.41672492027282717,"y":0.09408354014158249,"z":-0.04336920753121376,"w":-0.9031310081481934},"size":11.852887153625489,"orthographic":false}